message,sentiment
LA ka assignment send kro,Neutral
Aa to chhe,Neutral
Pdf nahi hai,Negative
us bhi us,Neutral
it is authorised way to change the password of file in linex without pshodo,Neutral
upload karta hu abhi,Neutral
did you solved the hostel matter.,Neutral
tss no confirmation aavigyu chhe,Negative
call me when your awake,Neutral
Kala java no ?,Negative
college ayega naa kal,Neutral
Aur you sure,Neutral
and set up the python properly,Neutral
Tara attendance aaive?,Neutral
Ho kya rha hai ye batayega,Neutral
Bhej na Bhai,Neutral
are me dhar aa gaya hu,Neutral
up down karta hu morbi se 1.5 semester se,Neutral
File page pe likhna hai copy me assignment,Neutral
Api ne satha 3 name nai kha k 1,Neutral
hai sa to latp aavis,Neutral
call you back,Neutral
we finallise the softwere project as voice assistant there will another meeting after lunch brack. by stay tuned,Negative
it looks real,Positive
when you identify them then forward them.,Neutral
It's an open book exam,Positive
Tujhe koi msg aaya kya TSS k related,Neutral
how's your exam's,Neutral
Prectical 3 kia h cn ka,Neutral
Aa badhayâ¬†ï¸ ass.2 na che,Negative
Ohk but here they mentioned lab file with solutions,Neutral
Humne toh Tic Tac Toe Project banaya tha,Neutral
I've given the report file for it,Neutral
With different phase,Neutral
Tu rajkot ma cho?,Neutral
website par pura discretion ni hai,Neutral
sir will accept it,Neutral
teri kuchh family yaha rahti hai aur kuchh waha,Neutral
jaldi 3rd floor lab12,Neutral
I don't know anything about farming ğŸ˜…,Negative
He keeps having mood swings,Neutral
did you prepare for tomorrow's exam,Neutral
there are many ppts and things so i am making zip of all and give you in telegram <This message was edited>,Neutral
I think your Laila is not replying you,Negative
Hn check kia maine,Neutral
mene nahi Kiya hai,Negative
Kayu laptop tha,Neutral
ml na 4th hoy to mokal ne,Positive
Wt 20th January ko hai,Neutral
3 din mein Project submit karna hai,Neutral
E store Rajkot ma pan cha,Neutral
What kind of mini projects are students doing,Neutral
To mokal j,Positive
hardik ka hai,Neutral
Circulate kar denağŸ˜†ğŸ˜‚,Positive
bus me. hu,Neutral
It's not connecting,Negative
I think it's Web Development program,Neutral
Massage kairo ?,Neutral
Will you please help me in searching ? ğŸ¥¹,Neutral
shore as hell,Neutral
"20 , 20",Neutral
Ka sir na madi na vat kar,Neutral
You did nothing wrong,Negative
And my apologies for not responding earlier.,Negative
Shl report aaivu Tara su aaivu,Neutral
or coa ki open book exam thi,Positive
that's what I was thinking,Neutral
Sir a j send karu e tha tari pasa beee,Neutral
43 maa pade chhe GST not included,Negative
this is what we are building ğŸ«,Neutral
Mujhe padha dena aake 1 ghanta thoda aur clear ho jayega,Neutral
Ma tana call kairo hato tyara 3 space hati,Neutral
Ma aaipe tha,Neutral
nahi Kam kar raha yyee,Negative
or everything is fine there,Neutral
coa ka to mene pehle hi send kar diya tha shayad,Neutral
Kon ruhi bro,Neutral
me dhar par hi hu morbi,Neutral
or web application,Neutral
Happy Diwali ğŸ‡ bro,Neutral
you turned me on now,Negative
puto code chee aama,Neutral
check the telegram,Neutral
Kai nai e to chala,Neutral
One day everything will be solved,Neutral
And let's keep it as a secret that I have to give remedial for 5th semester subjects,Neutral
Usko kia hai koi aur ko puchh na,Neutral
ip 10 to 12 hoy to send karÂ ne,Neutral
ip practical 2 na code chhe ane kale su dead line chhe 2nd mate,Neutral
Call to utha,Neutral
aa limited web series chhe,Neutral
5 baje project ke liye,Neutral
Tara koi mail aaivo a group ma j message Kara cha aavo ?,Neutral
bol suu Kam chhe,Neutral
vivek ka hai,Neutral
To bataya karo,Neutral
Mana experiment 2 no code mokal j ds,Positive
i will ask tomorrow,Neutral
idk how ğŸ¥³,Neutral
me uspe Kam kar rahai,Neutral
vivek se mangta hu ubantu ni hai,Neutral
Bhai tere tarf ğŸŒ¹ rose mile  to ek lete aana n,Neutral
for conversation that I would not prefer with people usually,Negative
I'm the last moment if any team will be unable to join they will call aur team,Neutral
Hua bhejo na,Neutral
A pan kadhavyo aav j,Neutral
sorry tedi call back no karo mu kame haro,Negative
nahi aaya sorry aabhi utha hu,Negative
12 na screenshot mokal ...,Positive
It was good,Positive
Okey thanks ğŸ˜Œ,Positive
70 marks kaa imp bhejta hu aabhi,Neutral
Yes but full copied nhi hona chahiye,Neutral
sirf usme mera nam dal k ek bana skta hai,Neutral
likha hi nhi,Neutral
ok hamda karu,Positive
Ye nhi cn ka practical 2 bhejo na,Neutral
To kaha pahucha,Neutral
And you can explain me certain topics ,Neutral
@thanksfaceprepXlinkedin @Diksha Rahangdale,Positive
if you wanna talk,Neutral
I will be back in March,Neutral
ye nahi hai hamara par hardik ke pas hai iska output,Negative
Yeah I guess so,Neutral
Is it the whole project ?,Neutral
go in result section,Neutral
You need imps ?,Neutral
yaa 10 to 4,Neutral
Ha e a kidhu hatu,Neutral
Called my parents in front of me,Neutral
abhi tu ja soja,Neutral
Kitna der me pahuch jayega,Neutral
photo mokal j,Positive
ill send you the the gui interface in min,Neutral
compete thay gau pan aavtu nathi relod par dobble tik,Neutral
How to find it on Github ?,Neutral
ja rha hai,Neutral
Kon sa game,Neutral
mene imp padha hu itna bas ek bar,Neutral
kuch ni kiya hai,Neutral
Thank you ğŸ¥¹,Neutral
great let's start working,Positive
Tu aaya tha,Neutral
Nhi Google classroom se Lena hai,Neutral
Ml ka pratical 1 2 and CD ka bhi bhej do na Bhai dekh k edit kar bana lunga,Neutral
Nahi pahucha kya Ghar abhi,Negative
Mera vlog Story ya status mein lagake thoda promotion kardo ğŸ˜…,Neutral
But when I see ppts I'll remember ğŸ‘ğŸ»,Positive
"8, 6, 11 and 12",Neutral
There are no numericals for other subjects?,Negative
As if he is on periodsğŸ˜‚,Positive
Don't give me stress ğŸ˜¬ğŸ˜¬ to play with you,Neutral
CD -2 UNIT,Neutral
Answer bhej na sabka,Neutral
Or is it the whole project ? ğŸ˜,Neutral
Code mokal j,Positive
Bhai wo gulab leke aaya ki nhi,Neutral
"Thanks , means a lot to me ğŸ˜‡",Positive
but I am back now with more clarity..,Negative
a su chhe badhu,Negative
Story like yours bro !!!,Neutral
kale hard copy Leto aavje ,Neutral
database me error aa raha hai,Neutral
Ya kal h submission,Neutral
Sirf dekhna hai kaise bana hai,Neutral
ni karaya hai,Neutral
"Hope all your exams went well ,",Neutral
If I find any difficulties,Neutral
vo vs code ca server band ho gya goga,Neutral
all subjects backlog dikhayge kya,Neutral
Call kia tha bol na mere me recharge nhi hai,Neutral
Code block ma j try Karu,Neutral
zip file ni aa rahi hia,Neutral
Thank you so much,Neutral
aa video download nathi thayo,Neutral
Just submission hai,Neutral
will copy for the video ğŸ“·,Neutral
watesp pe call kar,Neutral
To aav va no tho na,Negative
code chat gpt maa thi levano chhe ne,Negative
usko regenerate kar lee nahi jite par positive way me chat gpt se..,Negative
oli web series joi monsters the lyel and Eric menadaze,Neutral
Morbi pujara Store,Neutral
your home? .,Neutral
yeah mai 13 ko hi ghar nikalne walaa hu to is week regular janana hai attendance is very less,Neutral
Secret between us ğŸ˜…ğŸ¤ğŸ»,Neutral
Hai ya nhi,Neutral
mene nu Kiya hai,Neutral
Hoy to mokal,Positive
Cha group ?,Neutral
full stack chat application with with ui and backend python and database support for multiple users...,Neutral
Mere me khul nhi rha hai,Neutral
"I am at home , I only have access to books",Positive
Tum gya tha n,Neutral
java or coa to department level the to unki final exam ni hui,Neutral
like y what when who what for,Neutral
today is thoka,Positive
aa raha huu,Neutral
Holliday for me,Neutral
you run it in wrong way,Neutral
squid game jovano chhu mu,Negative
Yaa bro I am pro..,Neutral
Mare sniper nathi aavti kardva mate,Neutral
Jb bahar aana to call karna 2 min k liye,Neutral
bas ni mili or mili vo panchar ho gayi..,Neutral
Ka black and white kara to aav,Neutral
all' give you all subjects material zip in telegram.,Neutral
Bro but it it's for online mode,Neutral
Yeah cause I woke up early in the morning  that's why,Positive
Katal marks aavya,Neutral
Oh I see,Neutral
"Yeah, we understand but we are also having issues because we cannot remove our selected team and you get into that! So just share your team name and number, so if at the last moment some teams might not come we can replace your team!! But this would when we call you and after that you can come to our Hackathon. I hope it clears. THank you",Negative
But itna simple bhi nhi chahiye,Neutral
Anu su karu,Neutral
nahi online karis,Negative
me college ni aaya tha bukhar hai,Neutral
ye kya hai,Neutral
Ml padh lia,Neutral
in last sem mine was 63 and she didn't did anything,Neutral
this is backed code logic which calculate bmi,Neutral
to sikhte sikhte bana diya,Neutral
I am sorry I've gone off for little...,Negative
mu eej puch sno hato,Negative
Send experiment se 9-12,Neutral
Some people on yesterday section,Neutral
de to ğŸª”,Neutral
Badhai aav tha hoi to aavu,Negative
ab me chal raha hiu,Neutral
This assignment is needed to be written in book or file pages ?,Positive
class ki yar aapne vo poni vali,Neutral
I am totally agree with this line,Neutral
abhi send karta hu dadu ke watsapp se .,Neutral
But we have to type entire code,Neutral
to wahi rahti hai,Neutral
Distance between pixel hai kya ye topic apne me,Neutral
Bro industrial visit k liye paise de diye,Neutral
kisi pe bhi,Neutral
He is my mentor tooğŸ˜­,Neutral
iot had prectical file and RE had report.,Neutral
bhi vo aapne hackthon vali python ka working project send kar naa,Neutral
I am 1m late,Neutral
aata hu 15 min me,Neutral
**Prafulla [Last Name]**,Neutral
bhejta hu thodi der me ..,Neutral
ip ni file Friday submit kariye to hale,Neutral
Laptop ma chala tha,Neutral
oo let me find some. material.,Neutral
Is it included in Fifth sem zip file you sent in telegram,Neutral
Call failed aa rha hai,Neutral
you want previous year q paper of this subjects..,Neutral
do one thing take my mu login because its lot of ppts when you need anything just download it,Neutral
But remedial Dene hai,Neutral
dasera he Aaj hamare,Neutral
To ppt nu aaja got su,Neutral
will deside tomorrow I'll give you brief about it text me whenever you are free.,Neutral
8 KE PHOTO MILE TO SEND KAR,Neutral
kuch ni college ka puch raha tha aayenga yaa nahi,Negative
But abhi tak Maine start nhi kiya,Neutral
no I thought you are,Negative
telegram pe send kar,Neutral
Or do any work related to it,Neutral
cd ka take home exam do naa,Neutral
Complete 1-100 Syllabus,Neutral
although I am not woman,Negative
hmmm I will call you.. will think,Neutral
In your first year,Neutral
shit bank maa hato,Neutral
because it's 31,Neutral
Think again because we have to do everything in  10 hours,Neutral
Yes yes.  This on 28th,Neutral
Hua ki nhi abhi TK,Neutral
pip install flask,Neutral
ai gpt is not working,Negative
I don't wanna live with hope hope is another beginning of shit about to happen <This message was edited>,Negative
nii par gui hai to usme backend baki hai,Neutral
my dad is calling me I have to go,Neutral
what Is online mode,Neutral
like with database,Neutral
Sagar na kidhu cha mokli da sa,Positive
"fine ğŸ˜Š, it feels like I am traveling..",Positive
did you get it,Neutral
Su chala cha ?,Neutral
Hu nathi team leader,Neutral
Currently my backlog are 0,Neutral
5 hua hai,Neutral
mu to Mandy Thi vichar Karu chhu javanu,Neutral
haa hamda 5 episode jovu su,Neutral
Khel k kar,Neutral
Here is called psruwa,Neutral
accuracy ni hai,Neutral
3 no question answer dekh,Negative
Bhai practicals hua cn wala,Neutral
me after 1.5 months in tss,Neutral
I've been busy with traveling,Neutral
hackthon no offcial mail aaviyo,Negative
Kaala aav va no ?,Negative
Lab 12 ma aavi ja,Neutral
we kill ourselves because we wanna live with them,Neutral
haa bhai Etna hi lagta hai,Neutral
Sorry my dear student,Negative
flask is there in your pc,Neutral
Kuchh bhi nhi,Neutral
Cn ka practical 4 h,Neutral
Cn practical 2 send kar na,Neutral
sorry halse hal javade n,Negative
ok dinner ke bad kam chalu karete hai,Positive
I have bus on 28th Morning <This message was edited>,Neutral
ok to uspe kuch puchega ni kese bananya hai or anything like that,Positive
ragister ni kiya tha meet up kaa,Neutral
but this one is waterfall like step by step,Neutral
hp victos rtx 3050 rayson,Neutral
Team leader na j aav to hasa e mail,Neutral
Bhai practical 8 9 kaise banega wt ka,Neutral
Jab bhi free ho rha hai call kar mujhe,Neutral
We have exams from 10th March right ?,Neutral
No. Not tomorrow ,Negative
Jo log bol nhi skte h unke liye apna  hand movements ka use kar skte hai by using ml and image processing,Neutral
Zip me ya direct,Neutral
tomorrow is nava sal for Gujarat,Neutral
Subh dipavali âœ¨,Neutral
I don't knowğŸ¥²,Negative
"kay bhanva nu mud nathi thatu , kale call karis muu",Neutral
Abhi padh rha hai aur ye bana bhi dia,Neutral
Pac bheja nhi hai,Neutral
Mera bhi enter kar Dena jb dalna to batana,Neutral
meeting me aajana,Neutral
subject choose kariyo <This message was edited>,Neutral
"""don't kill me you are the only reason I am living """,Neutral
git clone https://github.com/codewithsadee/booken.git,Positive
I can do the installation after I eatğŸ˜…,Neutral
vivek aav jaldi,Neutral
so let's fail in it,Neutral
Tu aav va no cho ?,Negative
Game ne id,Neutral
How are you?,Neutral
Kai nathi kam,Neutral
But should not be too complicated,Negative
in this all works are done parallel,Neutral
vo log type kar sakte hai,Neutral
file ka name badal k kya hoga,Negative
Maru form bhari dais,Neutral
Call kar na,Neutral
Look at this... ğŸ‘€ https://pin.it/5XICUGQ,Positive
Agr koi meeting k liye class me bole to mujhe inform karna,Neutral
exam hamda nai thi,Neutral
ye lo submit kar do,Neutral
Finally itis running with api ğŸ‘Œ ğŸ‘ğŸ‘ğŸ‘ğŸ‘,Positive
6 number kaise banaya,Neutral
12 practical send kar ne,Neutral
Bapor pachi jais,Neutral
Waise last winner ka project kya tha,Neutral
me absent thaa friday ko,Neutral
than I go to bed,Neutral
LA  ka practical 2and 3,Neutral
To search Karu ubhore,Neutral
Abhi cahiye kya,Neutral
haa aavo chho pan pachho jais,Neutral
Mera ni huaa,Neutral
"Okey but when I searched this concept on yt , all of them made different diagram",Positive
Data set kon sa lena hai,Neutral
Aa badhayâ¬†ï¸ ass.4 na che,Negative
Same for ML,Neutral
that's why I didn't come to college today,Neutral
2 ghante phle,Neutral
are you gonna manufacture it ..,Neutral
4th ka bhi,Neutral
Happy to hearğŸ˜Š,Positive
Tu free hua ki nhi abhi,Neutral
A princess singled A death note for saviour of her own life,Negative
Work kare ya na kare matter nhi karta,Neutral
Aama library error aava tha,Neutral
Pov:  you are again in god's strongest people's list,Neutral
it's kinda too formal ğŸ˜…,Neutral
jugad kata hu yafir Vivek ko text kaar,Neutral
Class kyu nhi aaya,Neutral
or kya set up karna padega,Neutral
Mai hr time available hu bhai,Neutral
ye banane ki try karo,Neutral
ni yahi he par Khali exam dene jana hai to me jaunga sath mee,Neutral
Kaha h bro,Neutral
I already registered,Neutral
naa kale bank maa javani chhu check leva,Neutral
Aaj ka hai bhi nhi ye,Neutral
Bhej Bhai Jake,Neutral
us bhi us ğŸ¥²,Neutral
chal koi na kal class  me aake bat karta hu,Neutral
Clg me hai ya chala gya,Neutral
Raj after one hour,Neutral
don't do live server,Neutral
but university is going normal last week was normal,Negative
Tu kala java no ?,Negative
I'll give you in 15 min after â˜•,Neutral
Aa badhayâ¬†ï¸ ass.1 na che,Negative
I don't know specifically but file page is fine,Negative
200 MB ka bana hai bhai,Neutral
zip me pura,Neutral
Bus kar rulaya ga kya pagle,Neutral
tomorrow is nava sal,Neutral
are you done with mad assignment,Neutral
Aaja hod ni sign karava lai gaya hata,Neutral
Number mokal experiment na,Positive
Kala aav va no ?,Negative
Thank u so much prafulğŸ¥¹ğŸ¥¹,Neutral
HoD sir is not in cabin ğŸ¥²,Negative
Kala java no cho ?,Negative
not that but yaa good,Positive
cd no 4th chhe,Negative
But for startup it's a good idea,Positive
Linux ka jo course mila tha uska answer assignment ka answer bhej na,Neutral
Iqoo Neo 7,Neutral
fine it's department level so Mail sir according..,Neutral
hallo tere pas ip 2nd prcl he kya,Neutral
abhi char nahi pohch hu,Negative
She was a bit nosy regarding my attendance,Negative
But I think all of them went at 11am,Neutral
** hai vo most imp hai,Neutral
aavu page  halse login maa git parthi upadu chhe,Neutral
deadline of the form is 10 pm,Neutral
this will install flaask,Neutral
A kai series tha ?,Neutral
No I talked to them and they said to me to share our team details if that happens will call you,Negative
Haa fi join kar ke dal,Neutral
Bhai sun na,Neutral
Jitna hai utna hi,Neutral
Dude beee pdf if you have,Neutral
So what you wanna say about,Neutral
Linux ka practical 2 bhejo na,Neutral
Tara calculation jota k khali theory,Neutral
dekhta hu kal karuga ya sir ko mail karunga,Neutral
Find the constant k such that the function,Neutral
will complete it by today don't worry ğŸ™‚,Neutral
nahi hua raj se mangkar deta hu,Negative
time hi nahi mila,Negative
and assignment also,Neutral
tss aaj nathi ne,Neutral
what else we can do,Neutral
questions no wise,Negative
I'll give g meet link in 10m,Neutral
exam ke bad karunga,Negative
ye raha neve bar,Neutral
Mile to bhej na,Neutral
mine is divya mam,Neutral
If you don't mind shall we study together on call or Google meet ?,Neutral
nahi gaya thAme apan sarh me hi to the bhi ground floor par,Negative
Etna kar lee ho jayega.,Neutral
Bhai ip me kuchh nhi aata,Neutral
par isme file ka name badal dena,Negative
Ha abhi jo.mila tha,Neutral
roll no : 92200104075  pass : p@212223,Negative
You went to class today?,Neutral
just in 10 mi tnx for reminding ğŸ˜,Neutral
5 hi hua hai bhai aapne <This message was edited>,Neutral
"Kai nai , su chala?",Neutral
Ok kuldeep na puchu,Positive
I am not aware of it,Negative
I think everyone who's not selected got the same massag,Negative
Bhai Mera Java ka file de de yar,Neutral
it is working,Neutral
That would be difficult,Neutral
2 din mein ban jayega ?,Neutral
I don't have to study MAD subject this semester,Neutral
"Okey , I'll install ğŸ‘",Positive
this wht output look like,Positive
To likho na merko bhi bhejo,Neutral
He is singing like Gian from Doreamon ğŸ˜†,Neutral
it is gui based bmi calculator,Neutral
to placement me kuchh problem ni hogi na tumhe,Negative
Tu try kari na joi la,Neutral
format kya rhega bro uska jo avg student wala assignment ka,Neutral
.net might have one,Neutral
hamari lab nahi aai,Negative
okay abhi download karke deta hu,Positive
Ma tana h and v lookup mokli didhu,Positive
Stress management ni ppt bas complete Karine pachi try kau,Neutral
How are you ?,Neutral
Bsdk Google classroom instruction padh,Neutral
Mang na jara,Neutral
the backend is in python,Neutral
fine you know you don't have to say that..,Negative
Project dala ml ka,Neutral
how much your attendance was,Neutral
How's the mu fest preparation going on ? In the college,Neutral
wt practical 9 miklje,Neutral
Jane de soja ab nahi hoga environment set karna padega python vala or sari library....,Negative
Got from hack the mountain,Neutral
A chala ?,Neutral
"and, sorry for that day I worked you up  early, my phone was sent default on GMT-01",Negative
We are not celebrating it today because of grahan,Negative
to maharastra  kab jayega,Neutral
Admin panel ma to change hato e practical 8 cha,Neutral
Kala 10 vaga sudhi na j cha,Neutral
How about you?,Neutral
So that is very less time for preparation,Neutral
I'm in the bed and I'm going to enjoy my sleepless night,Neutral
I didn't note them down as she was explaining me topics in speed,Negative
send or else they will take the mobile,Neutral
khhar Jake send karta hu,Neutral
su call karo to,Neutral
how is it going with you,Neutral
"Message","Sentiment"
"Dude beee pdf if you have","Neutral"
"Beee nathi","Negative"
"Ok","Neutral"
"Tara calculation jota k khali theory","Neutral"
"Hoy to mokal","Neutral"
"Kam k calculation badhi na nathi","Negative"
"Kaya ?","Neutral"
"You have to third math assignment","Neutral"
"send or else they will take the mobile","Negative"
"Op","Positive"
"Ande ande","Neutral"
"Thnks bhagat","Positive"
"Bus kar rulaya ga kya pagle","Negative"
"Ha","Neutral"
"Ma tana h and v lookup mokli didhu","Neutral"
"Tu aaja pan gyo hato ?","Neutral"
"Haa","Neutral"
"Reading k cp","Neutral"
"Cp","Neutral"
"Taru email mokal mana","Neutral"
"All Google axel problem","Neutral"
"Number mokal experiment na","Neutral"
"Ketla","Neutral"
"Ava","Neutral"
"27","Neutral"
"Tara","Neutral"
"29","Neutral"
"O ho","Positive"
"Good","Positive"
"Google jindabad","Positive"
"Wha","Positive"
"Kayu laptop tha","Neutral"
"Friend nu chehh","Neutral"
"Kai company tha","Neutral"
"Lenovo","Neutral"
"Sorry my dear student","Negative"
"Pdf nahi hai","Negative"
"Tu kala java no ?","Neutral"
"Nahi","Negative"
"Call me","Neutral"
"There d to too d diagrams","Neutral"
"Send please","Neutral"
"A kai series tha ?","Neutral"
"13 reason why","Neutral"
"Reply nhi pata","Negative"
"Finally itis running with api","Positive"
"Laptop ma chala tha","Neutral"
"To mara compliler ma j problem hai sa","Negative"
"May be","Neutral"
"To ppt nu aaja got su","Neutral"
"Aatala kal lagj na bani jai","Negative"
"Very good","Positive"
"You will add na please","Neutral"
"Send experiment se 9-12","Neutral"
"Jaldi","Neutral"
"Thnx","Positive"
"Katal marks aavya","Neutral"
"19 21","Neutral"
"Tare","Neutral"
"20 , 20","Neutral"
"Reddy","Positive"
"I win 5 time in room","Positive"
"Hamde mu ramu su","Neutral"
"Don't give me stress to play with you","Negative"
"Yaa bro I am pro.. Askraj about it","Positive"
"Ha e a kidhu hatu","Neutral"
"Aacharan ramas","Neutral"
"Normal castom","Neutral"
"Game ne id","Neutral"
"Ok aavu","Neutral"
"Elective ma kayo subject select karyo?","Neutral"
"Mare sniper nathi aavti kardva mate","Negative"
"Hallo","Neutral"
"bol suu Kam chhe","Neutral"
"Kai nathi kam","Neutral"
"adthi kalak maa aavu","Neutral"
"Kala aav va no ?","Neutral"
"naa","Negative"
"Hiii","Neutral"
"Muk","Neutral"
"Fish pond diagram na phota tha","Neutral"
"nahi online karis","Negative"
"haa","Neutral"
"12 na screenshot mokal","Neutral"
"aavu page halse login maa git parthi upadu chhe","Neutral"
"12 practical send kar ne","Neutral"
"Baki cha","Neutral"
"sorry I was forgot to call you","Negative"
"I there any thing inm","Neutral"
"No","Neutral"
"can I call you now","Neutral"
"I call you tomorrow","Neutral"
"Su chala cha ?","Neutral"
"kay nai","Negative"
"life is shit place","Negative"
"Like our study's","Negative"
"any web series you want to suggest just a name","Neutral"
"Chilling adventures of Sabrina","Neutral"
"already done","Neutral"
"Maxton hall","Neutral"
"thanx by","Positive"
"subject choose kariyo","Neutral"
"Stock market","Neutral"
"Ema to jagya noti","Negative"
"data analysis using spread sheet","Neutral"
"shit bank maa hato","Negative"
"sorry halse hal javade n","Negative"
"Biju su chala cha","Neutral"
"hp victos rtx 3050 rayson","Neutral"
"Saru","Positive"
"Good price","Positive"
"hal to joye pujara maa thi lau chhu","Neutral"
"Tu rajkot ma cho?","Neutral"
"Morbi pujara Store","Neutral"
"ok by","Neutral"
"sorry tedi call back no karo mu kame haro","Negative"
"Kai nai e to chala","Neutral"
"course na link hoy to mokal jee","Neutral"
"happy birthday vivek","Positive"
"Thank you","Positive"
"attendance lagavi deje","Neutral"
"la practical hoy to send karje ne 9 to 12","Neutral"
"ip 10 to 12 hoy to send kar ne","Neutral"
"tnx","Positive"
"Subh dipavali","Positive"
"Admin panel ma nai website ma kar va nu hatu","Negative"
"shit bro","Negative"
"format barobar chhene","Neutral"
"bol","Neutral"
"HA","Neutral"
"aa video download nathi thayo","Negative"
"a su chhe badhu","Neutral"
"exam hamda nai thi","Negative"
"call you back","Neutral"
"ip ni file Friday submit kariye to hale","Neutral"
"Aaja hod ni sign karava lai gaya hata","Neutral"
"Kala java no ?","Neutral"
"have su Karu mu","Neutral"
"jois","Neutral"
"Kala java no cho ?","Neutral"
"bol","Neutral"
"Kya poicho","Neutral"
"wt practical 9 miklje","Neutral"
"Baki cha","Neutral"
"Hi","Neutral"
"ml na 4th hoy to mokal ne","Neutral"
"Hamna kari na moklu","Neutral"
"3 ane 5 maa kau output chhe ee mokli deje print karvu chee pan kayu karvu chhe ee khaber nahi","Negative"
"Kala aav va no ?","Neutral"
"into hase to jois nai jav","Neutral"
"squid game jovano chhu mu","Neutral"
"naa kale bank maa javani chhu check leva","Negative"
"sorry","Negative"
"tu gyoto","Neutral"
"tu jais kale","Neutral"
"mu to Mandy Thi vichar Karu chhu javanu","Neutral"
"haa hamda 5 episode jovu su","Neutral"
"me after 1.5 months in tss","Neutral"
"Some people on yesterday section","Neutral"
"pov raj","Neutral"
"Raj after one hour","Neutral"
"Your talk feel like her!!","Neutral"
"us bhi us","Neutral"
"tss aaj nathi ne","Negative"
"Kaala aav va no ?","Neutral"
"aavis","Neutral"
"tss no confirmation aavigyu chhe","Positive"
"cd no 4th chhe","Neutral"
"code chat gpt maa thi levano chhe ne","Neutral"
"ok to generate kar lav by hhal","Neutral"
"Lab ma aav","Neutral"
"lecture ma chhu","Neutral"
"kai","Neutral"
"Kala aav va no ?","Neutral"
"jou","Neutral"
"9 thi gaya","Positive"
"idk how","Neutral"
"college ma chho","Neutral"
"Bapor pachi jais","Neutral"
"mu nathi gayo","Negative"
"kale jois","Neutral"
"wedding maa chhu","Neutral"
"Tara koi mail aaivo a group ma j message Kara cha aavo ?","Neutral"
"naa","Negative"
I really enjoyed the movie,positive
The food was terrible,negative
I'm not sure how I feel about this,neutral
The service was excellent,positive
I had a bad experience,negative
This is a great product,positive
I wouldn't recommend this,negative
The price is a bit high,neutral
The weather is perfect today,positive
The traffic is horrible,negative
I'm feeling neutral about this,neutral
The concert was amazing,positive
The customer service was terrible,negative
This book is a masterpiece,positive
I regret buying this product,negative
The view from here is breathtaking,positive
I don't know what to think about this,neutral
The internet speed is slow,negative
The museum was fascinating,positive
The noise level is too high,negative
I don't have an opinion on this,neutral
The hotel room was spacious and clean,positive
The service at this restaurant was awful,negative
This software is very user-friendly,positive
The quality of the product is poor,negative
I don't really care about this,neutral
The beach was crowded,negative
This is an excellent company to work for,positive
The movie was a waste of time,negative
I'm undecided about this,neutral
The game was a complete disaster,negative
The scenery here is beautiful,positive
The speaker was very engaging,positive
I had a great time,positive
This product is overpriced,negative
I'm indifferent to this,neutral
The performance was outstanding,positive
The car broke down on the highway,negative
I don't have strong feelings about this,neutral
The food was delicious,positive
The service at this hotel was terrible,negative
This phone is amazing,positive
I'm not impressed with this,negative
I have mixed feelings about this,neutral
The weather is terrible today,negative
The book was a disappointment,negative
I don't care one way or the other,neutral
The hike was exhausting,negative
This is a fantastic product,positive
I don't know what to make of this,neutral
The customer service was great,positive
The noise level is tolerable,neutral
The hotel room was dirty and cramped,negative
I'm very pleased with this,positive
The traffic is light,positive
This movie was boring,negative
I have no opinion on this,neutral
The beach was beautiful,positive
The food was average,neutral
I regret wasting my money on this product,negative
The view from here is average,neutral
The museum was boring,negative
I don't really care about this topic,neutral
The hotel was noisy at night,negative
This software is difficult to use,negative
The game was exciting,positive
The speaker was boring,negative
I didn't enjoy this at all,negative
The car is in great condition,positive
I'm not sure what to think about this,neutral
The service at this restaurant was excellent,positive
The scenery here is average,neutral
This company is terrible,negative
The movie was great,positive
I'm not satisfied with this product,negative
I have no strong feelings about this,neutral
The weather is wonderful today,positive
The book was amazing,positive
I don't have a preference,neutral
The hike was refreshing,positive
This is a terrible product,negative
The performance was mediocre,neutral
I'm not sure if I like this,neutral
The food was not very good,negative
The service at this hotel was great,positive
This phone is not very user-friendly,negative
I'm impressed with this,positive
The traffic is moderate,neutral
This movie was entertaining,positive
I have no interest in this,neutral
The beach was peaceful,positive
The food was outstanding,positive
I regret not buying this product,positive
The view from here is stunning,positive
The museum was informative,positive
I don't have strong feelings either way,neutral
The hotel was comfortable,positive
This software is very complicated,negative
The game was challenging,positive
The speaker was inspiring,positive
I enjoyed this very much,positive
The car is not reliable,negative
I'm ambivalent about this,neutral
The service at this restaurant was mediocre,neutral
The scenery here is breathtaking,positive
This company is excellent,positive
The movie was okay,neutral
I'm not happy with this product,negative
I don't really have an opinion on this,neutral
The weather is nice today,positive
The book was okay,neutral
I don't care about this,neutral
The hike was invigorating,positive
This is a terrible company,negative
The performance was below average,negative
I'm not sure if I want to pursue this,neutral
The food was not bad,neutral
The service at this hotel was mediocre,neutral
This phone is just okay,neutral
The traffic is heavy,negative
This movie was disappointing,negative
I'm not interested in this,neutral
The beach was dirty,negative
The food was terrible and overpriced,negative
I regret buying this,negative
The view from here is unremarkable,neutral
The museum was dull,negative
I have no strong opinion on this,neutral
The hotel was noisy during the day,neutral
This software is frustrating to use,negative
The game was boring,negative
The speaker was uninteresting,negative
I did not enjoy this,negative
The car is expensive,negative
I'm unsure about this,neutral
The service at this restaurant was poor,negative
The scenery here is unimpressive,neutral
This company is awful,negative
The movie was terrible,negative
I'm very unhappy with this product,negative
I have no preference,neutral
The weather is awful today,negative
The book was boring,negative
I'm not interested in this topic,neutral
The hike was difficult,negative
This is a useless product,negative
The performance was excellent,positive
I'm on the fence about this,neutral
The food was not good,negative
The service at this hotel was poor,negative
This phone is disappointing,negative
The traffic is unbearable,negative
This movie was not worth watching,negative
I don't care one way or the other,neutral
The beach was crowded and dirty,negative
The food was below average,negative
I regret purchasing this product,negative
The view from here is unappealing,negative
The museum was uninteresting,negative
I have no strong feelings about this,neutral
The hotel was overpriced,negative
This software is a nightmare to use,negative
The game was frustrating,negative
The speaker was dull,negative
I wouldn't recommend this,negative
The car is old and unreliable,negative
I'm undecided about this,neutral
The service at this restaurant was terrible,negative
The scenery here is unremarkable,neutral
This company is horrible,negative
The movie was not enjoyable,negative
I'm dissatisfied with this product,negative
I have no opinion on this,neutral
The weather is terrible today,negative
The book was not interesting,negative
I really enjoyed the movie,positive
The food was terrible,negative
I'm not sure how I feel about this,neutral
The service was excellent,positive
I had a bad experience,negative
This is a great product,positive
I wouldn't recommend this,negative
The price is a bit high,neutral
I don't care about this subject,neutral
The hike was uneventful,neutral
This is an average product,neutral
The performance was good,neutral
I have mixed feelings about this,neutral
The food was satisfactory,neutral
The service at this hotel was average,neutral
This phone is average,neutral
The traffic is typical for this time of day,neutral
This movie was average,neutral
I'm indifferent to this,neutral
The beach was average,neutral
The museum was average,neutral
I have no opinion on this,neutral
The hotel was average,neutral
This software is average,neutral
The game was average,neutral
The speaker was average,neutral
I have no strong emotions about this,neutral
The car is average,neutral
I don't have a preference,neutral
The service at this restaurant was average,neutral
The scenery here is average,neutral
This company is average,neutral
The book was average,neutral
I have no strong feelings one way or the other,neutral
The weather is average today,neutral
I'm not particularly interested in this,neutral
The hike was average,neutral
This is a typical product,neutral
The performance was average,neutral
I'm neutral on this,neutral
The food was average,neutral
The service at this hotel was standard,neutral
This phone is standard,neutral
The traffic is normal,neutral
This movie was mediocre,neutral
I have no strong opinion about this,neutral
The beach was unremarkable,neutral
The museum was standard,neutral
I have no strong feelings about this,neutral
The hotel was standard,neutral
This software is standard,neutral
The game was standard,neutral
The speaker was standard,neutral
I'm indifferent to this,neutral
The car is standard,neutral
I have no preference,neutral
The service at this restaurant was standard,neutral
The scenery here is standard,neutral
This company is standard,neutral
The book was standard,neutral
I don't feel strongly about this,neutral
The weather is normal today,neutral
I have no particular interest in this,neutral
The hike was standard,neutral
This is a regular product,neutral
The performance was satisfactory,neutral
I'm undecided on this,neutral
The food was regular,neutral
The service at this hotel was okay,neutral
This phone is regular,neutral
The traffic is average,neutral
This movie was regular,neutral
I have no opinion on this,neutral
The beach was typical,neutral
The museum was okay,neutral
I have no strong opinions about this,neutral
The hotel was average,neutral
This software is regular,neutral
The game was average,neutral
The speaker was average,neutral
I'm neutral about this,neutral
The car is average,neutral
I have no preference,neutral
The service at this restaurant was okay,neutral
The scenery here is regular,neutral
This company is regular,neutral
The book was okay,neutral
I'm neutral on this,neutral
The weather is regular today,neutral
I don't have a particular interest in this,neutral
The hike was regular,neutral
This is an ordinary product,neutral
The performance was typical,neutral
I'm neutral about this,neutral
The food was ordinary,neutral
The service at this hotel was average,neutral
This phone is ordinary,neutral
The traffic is standard,neutral
This movie was ordinary,neutral
I have no strong opinions on this,neutral
The beach was standard,neutral
The museum was average,neutral
I have no opinion on this,neutral
The hotel was ordinary,neutral
This software is ordinary,neutral
The pizza was delicious,positive
I had an amazing time at the party,positive
The hotel was great,positive
This phone is fantastic,positive
The view from the top was breathtaking,positive
The customer service was excellent,positive
I love this product,positive
The movie was fantastic,positive
I had a great experience,positive
The food was delicious,positive
The staff at the restaurant was wonderful,positive
I'm really happy with my purchase,positive
The hotel room was comfortable,positive
I enjoyed every moment of my vacation,positive
The service at this spa was amazing,positive
I'm impressed with the quality of this product,positive
The atmosphere at the party was fun,positive
This restaurant has amazing food,positive
The staff at the hotel were friendly and helpful,positive
The concert was incredible,positive
I'm in love with this place,positive
The drinks were great,positive
The service at this restaurant was excellent,positive
I can't wait to come back here,positive
The hotel staff went above and beyond,positive
I'm so glad I tried this product,positive
The beach was beautiful,positive
The staff at the store were so helpful,positive
This is the best phone I've ever owned,positive
The show was amazing,positive
I'm so happy I booked this vacation,positive
The coffee was excellent,positive
The staff at the spa were very professional,positive
I'm really impressed with this company,positive
The service at the hotel was outstanding,positive
The food at this restaurant was top-notch,positive
I love the design of this product,positive
The hotel amenities were great,positive
The staff at the museum were very knowledgeable,positive
I had a wonderful time at the event,positive
I'm so grateful for the help I received from customer service,positive
The product exceeded my expectations,positive
The room was clean and comfortable,positive
I'm really enjoying this book,positive
The service at this salon was top-notch,positive
I'm so glad I made this purchase,positive
The food at the wedding was delicious,positive
Hey.. what's up? ğŸ˜€,neutral
I'm feeling so-so ğŸ˜•,neutral
Thanks for your help! ğŸ™,neutral
I'm not sure what to do ğŸ˜•,neutral
Can we reschedule our meeting? ğŸ“…,neutral
I'm on my way! ğŸš—,neutral
This weather is crazy â˜€ï¸ğŸŒ§ï¸,neutral
I'm not feeling great ğŸ˜·,neutral
I'm looking forward to our vacation! ğŸŒ´ğŸ–ï¸,neutral
I don't know what I want to eat ğŸ½ï¸,neutral
I'm in the middle of something. can I call you back later? ğŸ“±,neutral
I'm trying to decide between two options ğŸ¤”,neutral
It was nice meeting you! ğŸ‘‹,neutral
I'm just hanging out at home ğŸ ,neutral
I'm not really sure what you mean ğŸ¤·â€â™€ï¸,neutral
I'm sorry. I can't make it to the party ğŸ‰,neutral
I'm so tired ğŸ˜´,neutral
Can you remind me of the details? ğŸ¤”,neutral
I'm not feeling very productive today ğŸ“‰,neutral
I'm just doing some work from home today ğŸ’»,neutral
I don't know if I have time for that ğŸ•‘,neutral
I'm not sure if I'm doing this right ğŸ¤·â€â™‚ï¸,neutral
I'm feeling a bit overwhelmed ğŸ˜°,neutral
I'm not sure what to wear today ğŸ‘—,neutral
I'm thinking about going for a run ğŸƒâ€â™€ï¸,neutral
I'm not sure if I'm ready for this ğŸ¤”,neutral
I'm just hanging out with friends tonight ğŸ»,neutral
I'm really hungry ğŸ”,neutral
I'm feeling a bit better now ğŸ˜Š,neutral
I'm not sure if I can make it to the meeting ğŸ¤·â€â™‚ï¸,neutral
I'm not feeling well today ğŸ¤’,neutral
I'm trying to stay positive ğŸ˜Š,neutral
I'm not sure what to say ğŸ¤·â€â™€ï¸,neutral
I'm feeling pretty good today ğŸ‘,neutral
I'm feeling a bit lost right now ğŸŒªï¸,neutral
I'm just taking it easy today ğŸ›€,neutral
I'm not sure if I'm ready for this ğŸ™ˆ,neutral
I'm feeling a bit anxious ğŸ˜¬,neutral
I'm not sure what to do next ğŸ¤”,neutral
I'm not really sure how to respond to that ğŸ¤·â€â™‚ï¸,neutral
I'm just enjoying the nice weather â˜€ï¸,neutral
I'm feeling a bit under the weather ğŸ¤§,neutral
I'm not sure if I should go to the gym ğŸ¤”,neutral
I'm feeling a bit overwhelmed with work ğŸ˜“,neutral
I'm just relaxing at home ğŸ›‹ï¸,neutral
I'm not sure if I want to do that ğŸ¤”,neutral
I'm feeling a bit bored ğŸ˜,neutral
I'm not sure if I'm up for that ğŸ¤·â€â™€ï¸,neutral
I'm just trying to stay focused ğŸ§,neutral
I'm feeling a bit stressed out ğŸ˜«,neutral
I'm not sure if I'm ready to make that decision ğŸ¤·â€â™‚ï¸,neutral
I'm feeling a bit distracted today ğŸ¤¯,neutral
I'm not sure if I'm doing this right ğŸ¤¨,neutral
I'm just hanging out with my family today ğŸ‘¨â€ğŸ‘©â€ğŸ‘§â€ğŸ‘¦,neutral
I'm feeling a bit uncertain about things right now ğŸ¤”,neutral
I'm not sure what to make for dinner ğŸ¤·â€â™€ï¸,neutral
I'm just taking it one day at a time ğŸ“†,neutral
I'm feeling a bit restless today ğŸ¤«,neutral
I'm not sure if I'm in the mood for that ğŸ¤·â€â™‚ï¸,neutral
I'm just trying to stay positive ğŸ˜Œ,neutral
I'm feeling a bit out of my comfort zone ğŸ˜¬,neutral
I'm not sure if I can make it to the event ğŸ¤·â€â™€ï¸,neutral
I'm just enjoying some alone time ğŸ§˜â€â™€ï¸,neutral
I'm feeling a bit stuck right now ğŸš¶â€â™€ï¸,neutral
I'm not sure what to do with my free time ğŸ¤·â€â™‚ï¸,neutral
I'm just trying to figure things out ğŸ”,neutral
I'm feeling a bit overwhelmed with everything going on ğŸ˜©,neutral
I'm not sure if I'm making the right decision ğŸ¤”,neutral
I'm just taking things one step at a time ğŸš¶â€â™‚ï¸,neutral
I'm feeling a bit frustrated today ğŸ˜¤,neutral
I'm not sure if I should say anything ğŸ¤«,neutral
I'm just trying to keep things in perspective ğŸŒ…,neutral
I'm feeling a bit confused right now ğŸ¤·â€â™€ï¸,neutral
I'm not sure what to do next ğŸ¤·â€â™‚ï¸,neutral
I'm just trying to stay focused on my goals ğŸ¯,neutral
I'm feeling a bit lost without my phone ğŸ“±,neutral
I'm not sure if I should go out tonight ğŸ¤”,neutral
I'm just trying to find my way ğŸ—ºï¸,neutral
I'm feeling a bit bored with my routine ğŸ¥±,neutral
I'm not sure what to do with my spare time ğŸ¤·â€â™€ï¸,neutral
I'm just trying to keep my head above water ğŸŒŠ,neutral
I'm feeling a bit restless today ğŸ•º,neutral
I'm not sure if I'm up for that challenge ğŸ¤·â€â™‚ï¸,neutral
I'm just trying to stay positive and keep moving forward ğŸš¶â€â™€ï¸,neutral
I'm feeling a bit uncertain about the future ğŸ¤¨,neutral
I'm not sure what to do with my life ğŸ¤”,neutral
I'm just trying to make the most of every day ğŸŒ,neutral
I'm feeling a bit overwhelmed with everything on my plate ğŸ½ï¸,neutral
I'm not sure if I'm ready to take that risk ğŸ¤”,neutral
I'm just trying to stay focused on my work ğŸ’¼,neutral
I'm feeling a bit stressed out today ğŸ˜©,neutral
I'm not sure what to do with my weekend ğŸ¤·â€â™€ï¸,neutral
I'm just trying to find some balance in my life âš–ï¸,neutral
I'm feeling a bit lost without a plan ğŸ“,neutral
I'm not sure if I should reach out to them ğŸ¤”,neutral
I'm feeling so happy today ğŸ˜ƒ,positive
I'm loving this beautiful weather â˜€ï¸,positive
I'm so grateful for my friends and family ğŸ™,positive
I'm feeling great after my workout this morning ğŸ’ª,positive
I'm enjoying this delicious meal ğŸ½ï¸,positive
I'm feeling so proud of myself for accomplishing my goals ğŸ†,positive
I'm loving spending time with my significant other â¤ï¸,positive
I'm feeling so blessed to have such amazing people in my life ğŸ¥°,positive
I'm enjoying this relaxing day at home ğŸ¡,positive
I'm feeling so inspired by the people around me ğŸ’¡,positive
I'm loving this new book I'm reading ğŸ“š,positive
I'm feeling so motivated to tackle my to-do list today ğŸ“,positive
I'm enjoying this beautiful scenery ğŸŒ…,positive
I'm feeling so excited for the future ğŸ”®,positive
I'm loving this new hobby I picked up ğŸ¨,positive
I'm feeling so grateful for all the opportunities in my life ğŸ™Œ,positive
I'm enjoying this fun night out with friends ğŸ‰,positive
I'm feeling so happy to be alive and healthy ğŸŒŸ,positive
I'm loving this new music I discovered ğŸ¶,positive
I'm feeling so fulfilled by my work and accomplishments ğŸ‘,positive
I'm enjoying this much-needed vacation ğŸŒ´,positive
I'm feeling so content with my life right now ğŸ˜Š,positive
I'm loving this cozy evening in with a good movie ğŸ¿,positive
I'm feeling so lucky to have such supportive people in my life ğŸ€,positive
I'm enjoying this beautiful view from the top of the mountain â›°ï¸,positive
I'm so excited for the concert tonight! ğŸ¤ğŸ¶,positive
I just got a promotion at work! ğŸ‰ğŸŠ,positive
I love spending time with my family â¤ï¸,positive
I had the best vacation ever! ğŸŒ´ğŸŒ,positive
I'm so happy to be back home with my loved ones ğŸ˜,positive
I just finished a project I've been working on for months! ğŸ’ª,positive
I'm grateful for all the good things in my life ğŸ™,positive
I just got a surprise visit from an old friend! ğŸ˜ƒ,positive
I love trying new foods and flavors! ğŸ´ğŸ˜‹,positive
I had an amazing date last night ğŸ˜,positive
I'm so proud of my accomplishments this year ğŸ“,positive
I love spending time in nature ğŸŒ³ğŸ‚,positive
I just completed a marathon! ğŸƒâ€â™€ï¸ğŸ…,positive
I'm so grateful for the people in my life who support me ğŸ’•,positive
I love seeing my favorite band live in concert! ğŸ¤˜ğŸ¶,positive
I just received a compliment from my boss ğŸ¤—,positive
I'm so happy to be surrounded by positive people! ğŸ˜Š,positive
I love learning new things and expanding my knowledge ğŸ“šğŸ¤“,positive
I just got a new puppy and he's the cutest thing ever! ğŸ¶â¤ï¸,positive
I'm grateful for the little things in life ğŸŒ»,positive
I just won first place in a competition! ğŸ¥‡ğŸ†,positive
I'm so lucky to have such a supportive and loving partner ğŸ’‘ğŸ’•,positive
I love exploring new places and cultures ğŸŒğŸ§³,positive
I just achieved a personal goal I set for myself! ğŸ¯ğŸ’ª,positive
I'm so grateful for the beautiful weather today â˜€ï¸,positive
I love seeing my friends and catching up with them! ğŸ¤—â¤ï¸,positive
I just received a thoughtful gift from someone special ğŸğŸ˜,positive
I'm so happy to have a job I love and am passionate about ğŸ’¼ğŸ˜Š,positive
I love spending time with my pets ğŸ±ğŸ¶,positive
I just completed a challenging workout! ğŸ’ªğŸ‹ï¸â€â™‚ï¸,positive
I'm so grateful for the opportunities I have in life ğŸ™Œ,positive
I love trying new things and stepping out of my comfort zone! ğŸŒŸ,positive
I just got a great grade on a test I studied hard for! ğŸ“ğŸ‘,positive
I'm so happy to have supportive and loving friends! â¤ï¸,positive
I love going on adventures and exploring new things ğŸï¸ğŸš£â€â™€ï¸,positive
I just completed a difficult task and it feels amazing! ğŸ˜ğŸ’ª,positive
I'm so grateful for my health and well-being ğŸ¥ğŸ’ª,positive
I love spending time with my significant other and creating new memories â¤ï¸,positive
I just received a promotion at work! ğŸ‰ğŸŠğŸ’¼,positive
I'm so happy to be surrounded by positivity and good vibes! ğŸ˜Šâœ¨,positive
I love trying new things and pushing my limits! ğŸ¤©ğŸ’ª,positive
I just achieved a major milestone in my personal life! ğŸŒŸğŸ¯,positive
I'm feeling so down today... ğŸ˜”,negative
I just found out I didn't get the job I applied for ğŸ˜¢,negative
I hate feeling so stressed and overwhelmed ğŸ˜©,negative
I had a terrible day at work today ğŸ˜,negative
I'm so disappointed in myself for making that mistake ğŸ˜,negative
I just went through a breakup and it hurts so much ğŸ˜¢ğŸ’”,negative
I can't believe I failed that exam ğŸ˜­,negative
I hate feeling so alone and isolated ğŸ˜”,negative
I'm so tired of dealing with drama and negativity ğŸ˜’,negative
I just lost my wallet and all my important documents... ğŸ˜«,negative
I'm so sick and tired of feeling sick and tired ğŸ˜·ğŸ˜´,negative
I hate the way I look in this outfit... ğŸ˜’,negative
I just got into a fight with my best friend ğŸ˜”ğŸ’”,negative
I'm so stressed out about everything going on in my life ğŸ˜,negative
I hate feeling so powerless and helpless ğŸ˜”,negative
I just got some bad news and I don't know how to deal with it ğŸ˜,negative
I'm so disappointed in someone I trusted... ğŸ˜’ğŸ’”,negative
I can't believe how much work I have to do and how little time I have ğŸ˜©ğŸ’¼,negative
I hate feeling so anxious and on edge all the time ğŸ˜”ğŸ˜Ÿ,negative
I just got rejected by someone I really liked... ğŸ˜¢ğŸ’”,negative
I'm so tired of feeling like nothing is going right in my life ğŸ˜’,negative
I hate the way people are treating me lately... ğŸ˜’,negative
I just lost my pet and I'm heartbroken ğŸ˜­ğŸ’”,negative
I'm so frustrated with myself for not being able to do better ğŸ˜¤,negative
I hate feeling so overwhelmed and out of control ğŸ˜”,negative
I just lost my job and don't know what to do ğŸ˜”,negative
I'm so frustrated with how my day is going ğŸ˜’,negative
I just got into a fight with my partner and it's not going well ğŸ˜,negative
I hate when things don't go according to plan ğŸ¤¬,negative
I'm so disappointed with how things turned out ğŸ˜”,negative
I just got some bad news and I'm feeling down ğŸ˜,negative
I'm so stressed out with everything going on ğŸ˜©,negative
I hate dealing with difficult people ğŸ™„,negative
I just got into a car accident and my car is totaled ğŸ˜¢ğŸš—,negative
I'm so tired of the drama in my life ğŸ˜´,negative
I just failed a test I studied so hard for ğŸ˜ğŸ“š,negative
I'm so upset about the way things turned out ğŸ˜”,negative
I hate feeling like I'm not good enough ğŸ˜”,negative
I just got rejected from my dream job ğŸ˜ğŸ’¼,negative
I'm so overwhelmed with everything on my plate ğŸ˜«,negative
I hate dealing with rude and disrespectful people ğŸ¤¬,negative
I just had a falling out with a close friend ğŸ˜,negative
I'm so disappointed with myself for making a mistake ğŸ˜”,negative
I hate feeling like I'm stuck in a rut ğŸ˜’,negative
I just got into an argument with a family member and it's not going well ğŸ˜”,negative
I'm so frustrated with my lack of progress ğŸ˜,negative
I hate feeling like I'm not in control of my life ğŸ˜”,negative
I just got some bad news about my health ğŸ˜ğŸ¥,negative
I'm so stressed out about my financial situation ğŸ˜©ğŸ’¸,negative
I hate when things don't go as planned and I have to start over ğŸ˜’,negative
I just got a raise and my salary is now $75000! ğŸ‰ğŸ’°,positive
I'm so excited to be going to Disneyland tomorrow! ğŸ¢ğŸ ,positive
I had the best sushi for lunch today at this restaurant: http://www.sushifusion.com ğŸ£ğŸ˜‹,positive
I just finished reading an amazing book that I highly recommend! ğŸ“šğŸ‘Œ,positive
I'm so happy to be living in my dream apartment with a view of the ocean ğŸŒŠğŸ˜,positive
I just completed a 5K run in 25 minutes! ğŸƒâ€â™€ï¸ğŸ’ª,positive
I'm grateful for my new car that gets 40 miles per gallon! ğŸš—ğŸ™,positive
I love my new dress that I got on sale for only $50! ğŸ‘—ğŸ’¸,positive
I just booked a trip to Italy and I'm so excited! ğŸ‡®ğŸ‡¹ğŸ§³,positive
I'm so grateful for my health and fitness journey - I've lost 20 pounds! ğŸ‹ï¸â€â™€ï¸ğŸ¥—,positive
I just finished a painting that I'm really proud of! ğŸ¨ğŸ˜Š,positive
I love my new job and the people I work with! ğŸ’¼ğŸ˜,positive
I just got a text from my crush asking me out on a date! ğŸ˜ğŸ“±,positive
I'm grateful for my supportive community and the positive energy they bring! ğŸ’•ğŸ™,positive
I just had the best cup of coffee at this new cafe in town: https://www.cafeculture.com â˜•ï¸ğŸ˜‹,positive
I need to buy 5 oranges for my recipe today ğŸŠ,neutral
Can you send me the link to the article you mentioned earlier? ğŸ“ğŸ¤”,neutral
I have a dentist appointment tomorrow at 2pm ğŸ¦·ğŸ˜¬,neutral
I need to water my plants before I leave for work ğŸŒ±ğŸ’¦,neutral
I'm going to the grocery store after work to buy some milk and bread ğŸ›ï¸ğŸ,neutral
I'm working on a project with a deadline of next week ğŸ—“ï¸ğŸ“ˆ,neutral
I'm taking a break from work to stretch my legs ğŸš¶â€â™€ï¸ğŸ’ª,neutral
I need to clean my apartment before my parents come to visit this weekend ğŸ§¹ğŸ ,neutral
I'm watching a movie and eating popcorn right now ğŸ¿ğŸ¥,neutral
I need to call my insurance company to update my policy ğŸ“ğŸ¤”,neutral
I'm studying for my final exams next week ğŸ“šğŸ“,neutral
I'm planning a road trip for this summer with my friends ğŸš—ğŸŒ´,neutral
I'm browsing the internet for ideas on how to decorate my apartment ğŸ–¥ï¸ğŸ›‹ï¸,neutral
I'm doing laundry and folding my clothes right now ğŸ§ºğŸ‘•,neutral
I need to buy new shoes for work. my old ones are worn out ğŸ‘ğŸ›ï¸,neutral
I just got a $500 ticket for parking in the wrong spot ğŸ˜ ğŸ«,negative
My phone bill this month is $200 more than usual. I don't know why ğŸ“±ğŸ’¸,negative
I tried a new restaurant and got food poisoning. now I'm stuck in bed ğŸ˜·ğŸ¤¢,negative
I can't believe my rent just went up $300. how am I supposed to afford that? ğŸ ğŸ’°,negative
I have to work on Saturday this week and I was planning to go to a concert ğŸ˜©ğŸ¶,negative
My internet has been down all day and I can't get any work done ğŸ–¥ï¸ğŸ¤¬,negative
I lost my credit card and someone just charged $1000 on it ğŸ¤¦â€â™€ï¸ğŸ’³,negative
I missed my flight and had to buy a new ticket for $500 ğŸ˜­ğŸ›«,negative
I got a bad haircut and now I have to wear a hat all week ğŸ§¢ğŸ’‡â€â™€ï¸,negative
I got a parking ticket while I was at the doctor's office. even though I parked in the designated spot ğŸš—ğŸ«,negative
I have to cancel my vacation plans because I can't get time off work ğŸ˜ğŸŒ´,negative
My computer crashed and I lost all my important files ğŸ˜±ğŸ’»,negative
I got into a car accident and my car is totaled ğŸ˜”ğŸš—,negative
I have a cold and can't stop coughing. it's really hard to sleep ğŸ˜·ğŸ¤§,negative
I just found out my ex is dating someone new. I feel so heartbroken ğŸ’”ğŸ˜¢,negative